Name,Number in Deck,Play,Play 2,Effect,Flavor Text,Type,Expansion,Faction,Promissory Note Owner
Ancient Burial Sites,1,At the start of the agenda phase:,,Choose 1 player. Exhaust each cultural planet owned by that player.,The images depicted a race that Rin had never seen before. Curious. Could it be that this was a race that was exterminated by the Lazax?,Action Card,Base,Any,
Assassinate Representative,1,After an agenda is revealed:,,Choose 1 player. That player cannot vote on this agenda.,"With a sickening crunch of bone and metal, unit.desgn.FLAYESH extracted its stinger from the blood-drenched skull of the Jol-Nar councilor.",Action Card,Base,Any,
Bribery,1,After the speaker votes on an agenda:,,"Spend any number of trade goods. For each trade good spent, cast 1 additional vote for the outcome on which you voted.","""We think that this initiative would spell disaster for the galaxy, not just the Creuss."" Taivra said, quietly slipping Z'eu an envelope. ""Don't you agree?""",Action Card,Base,Any,
Bunker,1,At the start of an invasion:,,"During this invasion, apply -4 to the result of each Bombardment roll against planets you control.","Elder Junn crossed his arms and steadied his breathing. The bombs could not reach them, not this far down. At least, that is what the soldiers had told him.",Action Card,Base,Any,
Confusing Legal Text,1,When you are elected as the outcome of an agenda:,,Choose 1 player. That player is the elected player instead.,"Somehow, even after the Council had adjourned, none of them were any closer to understanding the strange and confusing events of the day.",Action Card,Base,Any,
Construction Rider,1,After an agenda is revealed:,,"You cannot vote on this agenda. Predict aloud an outcome of this agenda. If your prediction is correct, place 1 space dock from your reinforcements on a planet you control.",The vote was nearly unanimous. The council would provide funding for the restoration. Ciel was furious.,Action Card,Base,Any,
Courageous to the End,1,After 1 of your ships is destroyed during a space combat:,,"Roll 2 dice. For each result equal to or greater than that ship's combat value, your opponent must choose and destroy 1 of their ships.","Coughing up blood and covered in burns, Havvat collapsed against the rapidly overheating ship core. She smiled. She would be remembered.",Action Card,Base,Any,
Cripple Defenses,1,Action:,,Choose 1 planet. Destroy each PDS on that planet.,"Titanic vines burst forth from the ground, wrapping themselves around the system's primary firing cylinder, breaking it free from its moorings, and bringing it crashing down upon the installation below.",Action Card,Base,Any,
Diplomacy Rider,1,After an agenda is revealed:,,"You cannot vote on this agenda. Predict aloud an outcome of this agenda. If your prediction is correct, choose 1 system that contains a planet you control. Each other player places a command token from their reinforcements in that system.","Ciel evaluated the other senators. Weak, all of them. This was his game to win.",Action Card,Base,Any,
Direct Hit,4,After another player's ship uses Sustain Damage to cancel a hit produced by your units or abilities,,Destroy that ship.,"(1) There it was! An opening! Neekuaq gestured wildly, a rare display for one normally quite reserved. ""Fire the main battery!""(2) The Loncara Ssodu's main battery flared to life, firing a volley directly into the flickering starboard shield of the Letnev dreadnought.(3) For a moment, it looked as if the dreadnought's shield would hold, but a moment later, the ship began to come apart where the attack had pierced its hull.(4) Neekuaq watched, satisfied, as the ship was wracked by a series of explosions from within, huge armored plates and other debris hurtling off into the darkness.",Action Card,Base,Any,
Disable,1,At the start of an invasion in a system that contains 1 or more of your opponents' PDS units:,,Your opponents' PDS units lose Planetary Shield and Space Cannon during this invasion.,"""Ssruu has met their systems and fixed them."" Ssruu dropped a handful of ripped wires and broken circuitry on the pedestal before Q'uesh Sish. ""He will await his next task aboard his ship.""",Action Card,Base,Any,
Distinguished Councilor,1,After you cast votes on an outcome of an agenda:,,Cast 5 additional votes for that outcome.,"Elder Junn was a wonder to behold. He knew the name of every senator, made small talk effortlessly, and commanded attention when he spoke. Magmus hated everything about him.",Action Card,Base,Any,
Economic Initiative,1,Action:,,Ready each cultural planet you control.,"Large sum of Hacan currency flowed freely into the project, and somehow, defying all logic, the returns were even greater.",Action Card,Base,Any,
Emergency Repairs,1,At the start or end of a combat round:,,Repair all of your units that have Sustain Damage in the active system.,"""What do you mean 'It's fine!?'"" Dahla said, nearly tripping over a damaged bulkhead as the ship rocked from the explosive barrage.",Action Card,Base,Any,
Experimental Battlestation,1,After another player moves ships into a system during a tactical action:,,Choose 1 of your space docks that is either in or adjacent to that system. That space dock uses Space Cannon 5 (x3) against ships in the active system.,"""Arm the relay!"" Mendosa bared his fangs. ""The Saar will not submit!""",Action Card,Base,Any,
Fighter Prototype,1,At the start of the first round of a space combat:,,Apply +2 to the result of each of your fighters' combat rolls during this combat round.,"Suffi vaulted excitedly off the prototype's sleek, azure wing, landing effortlessly in its cockpit. ""Let's see those damn snakes keep up with us now!""",Action Card,Base,Any,
Fire Team,1,After your ground forces make combat rolls during a round of ground combat:,,Reroll any number of your dice.,"Grinning, Jael spun towards the familiar noise of heavy boots hitting the ground. Backup had arrived.",Action Card,Base,Any,
Flank Speed,4,After you activate a system:,,Apply +1 to the move value of each of your ships during this tactical action.,"(1) Mendosa smirked. ""Don't ye fret now, girl. It sounds like ye've got somewhere ta be in a hurry, and it just se happens that I ken get ye there right quick.""(2) There was a low-pitched hum throughout the station and the gigantic, bulky constructions on the hull spat blue flame. Massive ion thrusters! So this was how the Saar moved the damned things.(3) Mendosa grinned at the young Mentak pilot's astonishment. ""Mobility-the Clan's greatest strength. Ye'd be amazed at how fast this thing ken go.""(4) With a sound like thunder and a flash of neon blue light, the thrusters accelerated full bore, nearly knocking Suffi off her feet.",Action Card,Base,Any,
Focused Research,1,Action:,,Spend 4 trade goods to research 1 technology.,"Stunned, Rin looked over the data, scarcely able to believe what he was seeing. It was nothing short of a major breakthrough. The Headmaster would be pleased.",Action Card,Base,Any,
Frontline Deployment,1,Action:,,Place 3 infantry from your reinforcements on 1 planet you control.,"The soldiers poured fire on the writhing mass, but as each tendril vaporized, two more took its place. Panic wormed into the troopers' minds; was the creature growing?",Action Card,Base,Any,
Ghost Ship,1,Action:,,Place 1 destroyer from your reinforcements in a non-home system that contains a wormhole and does not contain other players' ships.,"Reports of Creuss vessels sighted in the area had surely been exaggerated. After all, the Creuss had no business this far from the Shaleri passage, and usually kept to themselves.",Action Card,Base,Any,
Imperial Rider,1,After an agenda is revealed:,,"You cannot vote on this agenda. Predict aloud an outcome of this agenda. If your prediction is correct, gain 1 victory point.","In a sweeping victory that surprised absolutely no one, the Winnu representative singlehandedly elected himself to oversee the analysis of a recently uncovered Lazax data cache.",Action Card,Base,Any,
In The Silence Of Space,1,After you activate a system:,,"Choose 1 system. During this tactical action, your ships in the chosen system can move through systems that contain other players' ships.","The Barony ships seemed to defy reality, bending light around them at impossible angles - naught but inky-black contours could be seen.",Action Card,Base,Any,
Industrial Initiative,1,Action:,,Gain 1 trade good for each industrial planet you control.,"The Gashlai reactors proved to be extremely effective. With the conversion rate practically doubled, the factories' output was immense.",Action Card,Base,Any,
Infiltrate,1,When you gain control of a planet:,,Replace each PDS and space dock that is on that planet with a matching unit from your reinforcements.,The 1X had scarcely interfaced with the mainframe before it belonged to them completely.,Action Card,Base,Any,
Insubordination,1,Action:,,Remove 1 token from another player's tactic pool and return it to their reinforcements.,"Kilik had never been particularly good at following orders. It only seemed natural to get paid for exercising that trait, as long as she didn't think to hard about where the money was coming from.",Action Card,Base,Any,
Intercept,1,After your opponent declares a retreat during a space combat:,,Your opponent cannot retreat during this round of space combat.,"The space before the fleeing ship shimmered and warped, revealing the bow of the Y'sia Yssrila bearing down on its position. There would be no escape today.",Action Card,Base,Any,
Leadership Rider,1,After an agenda is revealed:,,"You cannot vote on this agenda. Predict aloud an outcome of this agenda. If your prediction is correct, gain 3 command tokens.",Rev's impassioned speech stunned the other councilors. Perhaps there was more to these humans than they had initially thought.,Action Card,Base,Any,
Lost Star Chart,1,After you activate a system:,,"During this tactical action, systems that contain alpha and beta wormholes are adjacent to each other.",The ship's sensors showed that the ancient star-map had somehow led them beyond the Mahact plateau.,Action Card,Base,Any,
Lucky Shot,1,Action:,,"Destroy 1 dreadnought, cruiser, or destroyer in a system that contains a planet you control.","The missile - an insignificant spark against the darkness - struck the hull of the dreadnought. Moments later, the starboard flank erupted in flames.",Action Card,Base,Any,
Maneuvering Jets,4,Before you assign hits produced by another player's Space Cannon roll:,,Cancel 1 hit.,"(1) Something was wrong. T'esla sensed a flicker of movement on the planet's surface, followed by a faint glint of light. Reflexively, she veered her fighter to the side - an action that saved her life.(2) The fighter's thruster boosted her just out of the cannon's firing solution, and a metal slug the size of a building rocketed past her crystalline ship.(3) T'esla breathed a sigh of relief as the massive slug disappeared into the distance. A touch slower and she would have been annihilated.(4) The flickering red warning lights on her control panel reflected in her scales as she regained her composure. ""Well,"" she said aloud. ""Zat was close.""",Action Card,Base,Any,
Mining Initiative,1,Action:,,Gain trade goods equal to the resource value of 1 planet you control.,"To support its voracious war machine, the N'orr empire cracked the planet's crust and began mining its very core.",Action Card,Base,Any,
Morale Boost,4,At the start of a combat round:,,Apply +1 to the result of each of your unit's combat rolls during this combat round.,"(1) Harrugh stood before his warriors, searching for the words that would express the pride that swelled within him.(2) ""We have done the impossible. I am proud to call you my brothers. My equals. My betters."" Harrugh's whiskers bristled with energy as he spoke.(3) ""Today we turn these invaders to ash and take back what is ours!"" Harrugh paused, noting the murmurs of approval rippling through the ranks.(4) The whispering gradually died down and his warriors watched Harrugh expectantly. Every muscle in his body tensed, and he thrust his gyro-spear skyward. ""For Kenara!""",Action Card,Base,Any,
Parley,1,After another player commits units to land on a planet you control:,,Return the committed units to the space area.,"The human admiral returned to his ship, struggling to remember precisely how his meeting with the Collective had gone.",Action Card,Base,Any,
Plague,1,Action:,,"Choose 1 planet that is controlled by another player.  Roll 1 die for each infantry on that planet. For each result of 6 or greater, destroy 1 of those units.","The letani dipped a mossy limb beneath the surface of the reservoir, feeling the flow of the particles within, shifting them, changing them into something different. Something dangerous.",Action Card,Base,Any,
Political Stability,1,When you would return your strategy card(s) during the status phase:,,Do not return your strategy card(s). You do not choose strategy cards during the next strategy phase.,The Winnu councilor breathed a sigh of relief. This opportunity would not be wasted. The peace of the Lazax was within grasp.,Action Card,Base,Any,
Politics Rider,1,After an agenda is revealed:,,"You cannot vote on this agenda. Predict aloud an outcome of this agenda. If your prediction is correct, draw 3 action cards and gain the speaker token.","The Dirzuga had managed to negotiate themselves into a position of power amongst the other councilors, all of whom still looked terribly uncomfortable in their presence.",Action Card,Base,Any,
Public Disgrace,1,When another player chooses a strategy card during the strategy phase:,,"That player must choose a different strategy card instead, if able.","In the months that followed the report, the Council was quick to censure the Jol-Nar for their unethical practices.",Action Card,Base,Any,
Reactor Meltdown,1,Action:,,Destroy 1 space dock in a non-home system.,"Flames engulfed the shipyard, a vortex of fire and shrapnel that left nothing untouched.",Action Card,Base,Any,
Reparations,1,After another player gains control of a planet you control:,,Exhaust 1 planet that player controls and ready 1 planet you control.,"Gila oversaw the reconstruction of the Hacan outpost, but neglected to inform the N'orr representative that the damage was not nearly as severe as he was led to believe.",Action Card,Base,Any,
Repeal Law,1,Action:,,Discard 1 law from play.,"Eventually, the N'orr diplomat came to an agreement with Hacan Garrus, and the embargo was repealed. Still, he couldn't shake the feeling that Garrus had gotten the better end of the deal.",Action Card,Base,Any,
Rise of a Messiah,1,Action:,,Place 1 infantry from your reinforcements on each planet you control.,"Harrugh stood atop the dunes, looking down at the thousands of Hacan warriors mustered below. Gathering his strength, he let loose a mighty roar, the will of his people throughout the galaxy echoing forth from within.",Action Card,Base,Any,
Sabotage,4,"When another player plays an action card other than ""Sabotage"":",,Cancel that action card.,"(1) Q'uesh Sish tapped her claws impatiently. ""You were sssaying?"" But the confused Jol-Nar envoy stood silent. It was as if the words had escaped his thoughts entirely.
(2) trjn.desgn.ALIZARIN introduced itself to each data nodes, incorporating them into its platform, expunging any data it deemed a threat to the Virus.
(3) unit.desgn.BEELZEBUL followed the group of men through the winding hallways until they stopped at an intersection. Investigators would later find its cracked oculus at the center of a smoking crater, singed, but still functional.
(4) Unlenn smashed a clenched fist into the bulkhead, green eyes ablaze with rage. The entire plan had been turned on its head. Such incompetence was unfathomable.",Action Card,Base,Any,
Salvage,1,After you win a space combat:,,Your opponent gives you all of their commodities.,"When the Coalition raiders had finally returned to their ships, scarcely a bolt remained to salvage from the destroyed vessel.",Action Card,Base,Any,
Shields Holding,4,Before you assign hits to your ships during a space combat:,,Cancel up to 2 hits.,"(1) T'ro stared unflinching at the incoming barrage through the bridge's observation deck. The shield would hold.(2) The blast from the enemy's main cannon slammed into the space in front of the warship, splitting into two streams across the bow.(3) The ship's shields sizzled and sparked but remained active despite the heavy assault.(4) As the assault died down and it became clear that the ship sustained no major damage, T'ro clicked his mandibles in anticipation. ""Return fire!""",Action Card,Base,Any,
Signal Jamming,1,Action:,,Chose 1 non-home system that contains or is adjacent to 1 of your ships. Place a command token from another player's reinforcements in that system.,"Meian was practically aglow, wisps of her ether crackling with delight. It was amazing what could be achieved with a well-timed electromagnetic discharge.",Action Card,Base,Any,
Skilled Retreat,4,At the start of a combat round:,,"Move all of your ships from the active system into an adjacent system that does not contain another player's ships; the space combat ends in a draw. Then, place a command token from your reinforcements in that system.","(1) In an instant, the Sol fleet vanished from the Barony's scanners.
(2) The Creuss fleet was gone. No trace remained of their passage.
(3) T'ro gave the order, and the entire fleet withdrew without question.
(4) ""We have no choice, captain."" Ciel looked nervous.""We must retreat.""",Action Card,Base,Any,
Spy,1,Action:,,Choose 1 player. That player gives you 1 random action card from their hand.,"""I'm no spy,"" Connor said, casually stuffing the data drives into his pack. ""Now, how can I get out of here without being seen?""",Action Card,Base,Any,
Summit,1,At the start of the strategy phase:,,Gain 2 command tokens.,"At the end of the twelfth day, Rev returned home from the summit in New Moscow feeling physically exhausted and mentally drained. But she was also satisfied. They had a plan - finally - and it was a good plan.",Action Card,Base,Any,
Tactical Bombardment,1,Action:,,Choose 1 system that contains 1 or more of your units that have Bombardment. Exhaust each planet controlled by other players in that system.,"A6's red eyes flickered with activity and a string of numbers flashed briefly across the screen before he spoke. ""Bombardment complete. All enemy installations have been neutralized.""",Action Card,Base,Any,
Technology Rider,1,After an agenda is revealed:,,"You cannot vote on this agenda. Predict aloud an outcome of this agenda. If your prediction is correct, research 1 technology.","The Council granted the Yin funding to research an effective countermeasure to combat the virus. After all, keeping the Yin occupied with the virus meant killing two birds with one stone.",Action Card,Base,Any,
Trade Rider,1,After an agenda is revealed:,,"You cannot vote on this agenda. Predict aloud an outcome of this agenda. If your prediction is correct, gain 5 trade goods.","The Letnev councilor begrudgingly accepted the N'orr's core mining contract, if only so that the ""gracious"" Hacan senator didn't secure yet another source of income for his clan.",Action Card,Base,Any,
Unexpected Action,1,Action:,,Remove 1 of your command tokens from the game board and return it to your reinforcements.,"M'aban's voice was barely a whisper, cracking as hundreds of flashing lights appeared on her scanner. ""We've been tricked.""",Action Card,Base,Any,
Unstable Planet,1,Action:,,Choose 1 hazardous planet. Exhaust that planet and destroy up to 3 infantry on it.,"Another quake shook the planet, and a wave of dirt and rock rose up to swallow the Tekklar legion.",Action Card,Base,Any,
Upgrade,1,After you activate a system that contains 1 or more of your ships:,,Replace one of your cruisers in that system with one of your dreadnoughts from your reinforcements.,"""More guns?"" Connor shook his head. ""Not more guns. Let's try something bigger.""",Action Card,Base,Any,
Uprising,1,Action:,,Exhaust 1 non-home planet controlled by another player. Then gain trade goods equal to its resource value.,"Harrugh leapt down from the ledge, gyro-spear blazing in the sunlight. In front, the L1Z1X began to take notice. Behind his warriors stood at the ready. Win or lose, this would be the end.",Action Card,Base,Any,
Veto,1,When an agenda is revealed:,,Discard that agenda and reveal 1 agenda from the top of the deck. Players vote on this agenda instead.,"Magmus batted the now charred corpse aside with the back of his golden gauntlet. ""The Muuat reject your proposal.""",Action Card,Base,Any,
War Effort,1,Action:,,Place 1 cruiser from your reinforcements in a system that contains 1 or more of your ships.,"The N'orr may not be the most proficient shipwrights, but the willingness of their citizens to do their part far exceeds that of the other great races.",Action Card,Base,Any,
Warfare Rider,1,After an agenda is revealed:,,"You cannot vote on this agenda. Predict aloud an outcome of this agenda. If your prediction is correct, place 1 dreadnought from your reinforcements in a system that contains 1 or more of your ships.","Elder Junn sighed. ""Disarmament, it seems, has fallen out of fashion in these dark days.""",Action Card,Base,Any,
Blitz,1,At the start of an invasion:,,Each of your non-fighter ships in the active system that do not have BOMBARDMENT gain BOMBARDMENT 6 until the end of the invasion.,"""T-these weren't meant to be used like this. T-this is a t-terrible idea."" Tai mumbled, wringing his hands. ""Well 'course it is,"" Dart grinned, slamming his fist down on the release lock. ""But we've got about sixty kilotons of 'surprise' and nothing to lose!""",Action Card,Codex I,Any,
Counterstroke,1,After a player activates a system that contains 1 of your command tokens:,,Return that command token to your tactic pool.,"""That's the thing about loyalty - "" Viktor mused, turning one of the pieces backward, facing its own side. ""It can be bought.""",Action Card,Codex I,Any,
Fighter Conscription,1,Action:,,Place 1 fighter from your reinforcements in each system that contains 1 or more of your space docks or units that have capacity; they cannot be placed in systems that contain other players' ships.,"T'esla grinned as her shimmering vessel lifted off the flight deck - at last, that damned Viscount would experience the superiority of Naalu dogfighting. ""Get ready,"" she hissed into the comms.",Action Card,Codex I,Any,
Forward Supply Base,1,After another player activates a system that contains your units:,,"Gain 3 trade goods. Then, choose another player to gain 1 trade good.","All eyes turned toward the darkening skies as the only surviving supply truck rolled through the gates. ""Get these checked in and send the last shipment to our allies!"" Harrugh yelled over the din of the engines.",Action Card,Codex I,Any,
Ghost Squad,1,After a player commits units to land on a planet you control:,,Move any number of ground forces from any planet you control in the active system to any other planet you control in the active system.,The L1 advance team was expecting to find the outpost abandoned. What they found - unfortunately for them - was Connor.,Action Card,Codex I,Any,
Hack Election,1,After an agenda is revealed:,,"During this agenda, voting begins with the player to the right of the speaker and continues counterclockwise.",YOUR [NULL ID] STATELY GAME WILL BE FOR NAUGHT<< [VAR:42687] ORDER WILL ARISE FROM [VAR:89001] CHAOS<< IT IS OUR HAND THAT CONTROLS THE OUTCOME,Action Card,Codex I,Any,
Harness Energy,1,After you activate an anomaly:,,Replenish your commodities.,"""Manipulating the cosmos was a power reserved for the gods."" Rowl spat at the ground as his contraption whirred to life. ""Not anymore.""",Action Card,Codex I,Any,
Impersonation,1,Action:,,Spend 3 influence to draw 1 secret objective.,"""Also,"" Connor continued, bemused. ""Someone just handed me this as I was leaving. I think it was meant for our dear friend Sucaban. We should be able to put it to good use.""",Action Card,Codex I,Any,
Insider Information,1,After an agenda is revealed:,,Look at the top card of the agenda deck.,"M'aban yawned. Another filibuster. Politics could be so flavorless at times. Besides, she already knew how this one was going to turn out. Not well. Not well at all...",Action Card,Codex I,Any,
Master Plan,1,After you perform an action:,,You may perform an additional action this turn.,Viktor laced his long fingers with a wicked smile. Unlenn would be proud. The tactician's reputation was well-earned; even pawns could unseat kings.,Action Card,Codex I,Any,
Plagiarize,1,Action:,,Spend 5 influence and choose a non-faction technology owned by 1 of your neighbors; gain that technology.,"The Yssaril spies handed over their prize to Connor, who in turn passed it to the Sol engineers with a grim smile. ""Now then, boys,"" he said, one hand on his rifle, ""about those loose ends...""",Action Card,Codex I,Any,
Rally,1,After you activate a system that contains another player's ships:,,Place 2 command tokens from your reinforcements in your fleet pool.,"The Federation advance would not be halted - not today. Claire set her broadcast to play on all open channels. She began, her voice fierce and unwavering ""Friends! On this day, our names shall be inscribed in the pages of legend!""",Action Card,Codex I,Any,
Reflective Shielding,1,When one of your ships uses SUSTAIN DAMAGE during combat:,,Produce 2 hits against your opponent's ships in the active system.,"Prit scrambled up Hesh's shoulder, gleefully clapping as the entropic shielding tore the mercenary cruisers apart.",Action Card,Codex I,Any,
Sanction,1,After an agenda is revealed:,,"You cannot vote on this agenda. Predict aloud an outcome of this agenda. If your prediction is correct, each player that voted for that outcome returns 1 command token from their fleet supply to their reinforcements.",Two can play at this game.,Action Card,Codex I,Any,
Scramble Frequency,1,"After another player makes a BOMBARDMENT, SPACE CANNON, or ANTI-FIGHTER BARRAGE roll:",,That player rerolls all of their dice.,"""I will not accept this from that worthless scum!"" Feng growled as his enigmatic companion interfaced with the ship's nav suite. The Memoria's position flickered and shifted, and the blast flashed harmlessly by.",Action Card,Codex I,Any,
Solar Flare,1,After you activate a system:,,"During this movement, other players cannot use SPACE CANNON against your ships.","Meian braced for combat as the fleet entered the Ordinian system, but there were no Valefar droneships waiting to meet them. The solar flare gambit had succeeded - they were completely undetected.",Action Card,Codex I,Any,
War Machine,4,When 1 or more of your units use PRODUCTION:,,Apply +4 to the total PRODUCTION value of your units and reduce the combined cost of the produced units by 1.,"(1) ""This would take weeks to replace if you had run it backwards,"" Varish called as she rotated the massive capacitor bank. ""Okay, fire it up.""(2) The station vibrated as the device sputtered to life, emitting a high-pitched buzz to Varish's ears. ""Micro-wormholes are cycling at 19 kilohertz,"" Cole read. ""The entropic field tap's stable.""(3) The station's production facilities spooled up to new intensities, lights flaring as the assembly line drones increased their speeds to keep up.(4) ""Varish, let the Commanders know they can contact the Tetrarchy. Tell them the fighter squadron assembly will be done ahead of schedule, and under budget.""",Action Card,Codex I,Any,
Archaeological Expedition,1,Action:,,Reveal the top 3 cards of an exploration deck that matches a planet you control; gain any relic fragments that you reveal and discard the rest.,"Hiari pressed the activation glyphs, and the ancient door hissed open. As she stepped into the pitch-black interior of the Mahact tomb, she felt a shiver of anticipation. Perhaps, finally, she would find the Codex.",Action Card,Prophecy of Kings,Any,
Confounding Legal Text,1,When another player is elected as the outcome of an agenda:,,You are the elected player instead.,"""Unfortunately,"" Cinnabian said in a level voice, ""the Galactic Council requires the dispute be arbitrated by a truly neutral party. As the Titans were still slumbering when your war began, we will oversee your negotiations... instead of your friends on Jord.""",Action Card,Prophecy of Kings,Any,
Coup d'Etat,1,When another player would perform a strategic action:,,End that player's turn; the strategic action is not resolved and the strategy card is not exhausted.,"Artuno shoved the slug pistol into Huro's face as armored mercenaries stormed into the office. ""I'm afraid the station's undergoing a change in management.""",Action Card,Prophecy of Kings,Any,
Deadly Plot,1,"During the agenda phase, when an outcome would be resolved:",,"If you voted for or predicted another outcome, discard the agenda instead; the agenda is resolved with no effect and it is not replaced.
Then, exhaust all of your planets.","The hooded envoy erupted into a nightmare of black metal, lunging at the shocked diplomats.",Action Card,Prophecy of Kings,Any,
Decoy Operation,1,After another player activates a system that contains 1 or more of your structures:,,Remove up to 2 of your ground forces from the game board and place them on a planet you control in the active system.,Enemy fire lashed the abandoned positions on the ridgeline as Trilossa's flock slipped unseen around their flanks.,Action Card,Prophecy of Kings,Any,
Diplomatic Pressure,4,When an agenda is revealed:,,Choose another player; that player must give you 1 promissory note from their hand.,"(1) The Arborec emissary leaned close, and Brother Milor flinched at the faint whiff of decay. ""You do not understand,"" Dirzuga Ohao rasped. ""You must support this measure.""(2) Brother Milor shook his head. ""The Brotherhood cannot support your war against this extra-dimensional threat."" Dirzuga Ohao raised an eyebrow. ""Are you certain?""(3) ""It would be unfortunate,"" the Arborec Dirzuga said, ""if your supplies of diraxium were to dry up. How would your fleet defend you if we stopped supplying its fuel?""(4) ""Damn you!"" Brother Milor hissed. ""You leave us no choice but to fight in your war."" Dirzuga Ohao smiled, dead skin stretching over her teeth.",Action Card,Prophecy of Kings,Any,
Divert Funding,1,Action:,,"Return a non-unit upgrade, non-faction technology that you own to your technology deck. Then, research another technology.","""I am sorry, Academician,"" Arbiter Berekon shrugged. ""I am sure psychoarchaeology is an interesting subject, but the supreme leader feels your budget would be better spent on more militaristic research.""",Action Card,Prophecy of Kings,Any,
Exploration Probe,1,Action:,,Explore a frontier token that is in or adjacent to a system that contains 1 or more of your ships.,"With a dull thud, the probe shot from the cruiser and accelerated into the writhing maelstrom of the gravity rift. Admiral DeLouis paced on the bridge. Hopefully, this time the probe would return.",Action Card,Prophecy of Kings,Any,
Manipulate Investments,1,At the start of the Strategy Phase:,,Place a total of 5 trade goods from the supply on strategy cards of your choice; you must place these tokens on at least 3 different cards.,"""But my good fellow,"" the envoy sputtered. ""Surely you can't expect me to agree to those prices!"" Durruq leaned in close. ""Check again. You may find your goods are trading for less than you think.""",Action Card,Prophecy of Kings,Any,
Nav Suite,1,After you activate a system:,,"During the ""Movement"" step of this tactical action, ignore the effects of anomalies.","""The field is too thick!"" Sikosk gasped. Trrakan's plume flared. ""Not for me, and not for Iruth."" A flick of his talon, and the destroyer flipped and dove for the asteroid field.",Action Card,Prophecy of Kings,Any,
Refit Troops,1,Action:,,Choose 1 or 2 of your infantry on the game board; replace each of those infantry with mechs.,"Sek'kus leapt from the trenches, the plasma projectors on her Valkyrie ekoskeleton howling as they scoured the field ahead of her.",Action Card,Prophecy of Kings,Any,
Reveal Prototype,1,At the start of a combat:,,Spend 4 resources to research a unit upgrade technology of the same type as 1 of your units that is participating in this combat.,"Varish and Cole completed the final linkages, activating the field harvester. The cruiser's beams roared with renewed power, cutting through the enemy ship.",Action Card,Prophecy of Kings,Any,
Reverse Engineer,1,When another player discards an action card that has a component action:,,Take that action card from the discard pile.,"Xuange spread their hands over the captured harvester. Mirroring their careful gestures, dark energy fields unfolded and began delicately disassembling the device.",Action Card,Prophecy of Kings,Any,
Rout,1,"At the start of the ""Announce Retreats"" step of space combat, if you are the defender:",,"Your opponent must announce a retreat, if able.","Vuil'raith fleshships swarmed the weary defenders, sending unease and sweeping through the telepathic links. But Z'eu projected a powerful feeling of calm, and the Naalu fighters began to drive the Cabal back toward the rift.",Action Card,Prophecy of Kings,Any,
Scuttle,1,Action:,,Choose 1 or 2 of your non-fighter ships on the game board and return them to your reinforcements; gain trade goods equal to the combined cost of those ships.,"Rear Admiral Farran saluted as he watched the blasted starship being towed to the scrap yard. ""You served me well,"" he whispered. ""Now you can serve the Barony once more.""",Action Card,Prophecy of Kings,Any,
Seize Artifact,1,Action:,,Choose 1 of your neighbors that has 1 or more relic fragments. That player must give you 1 relic fragment of your choice.,"Armored dropships crashed into the main dock. Hatches blew open, and Captain Mentarion and her commando raider charged into the facility's heart.",Action Card,Prophecy of Kings,Any,
Waylay,1,Before you roll dice for ANTI-FIGHTER BARRAGE:,,Hits from this roll are produced against all ships (not just fighters).,"The destroyers sprayed fire with their secondary batteries as they advanced. The Mahact dreadnought began to list, fire and atmosphere gushing from a thousand tiny wounds.",Action Card,Prophecy of Kings,Any,
Anti-Intellectual Revolution,1,After a player researches a technology,At the start of the next strategy phase,"FOR : After a player researches a technology, they must destroy 1 of their non-fighter ships.
AGAINST : At the start of the next strategy phase, each player chooses and exhausts 1 planet for each technology they own.
",,Agenda,Base,Any,
Classified Document Leaks,1,When this agenda is revealed,,"When this agenda is revealed, if there are no scored secret objectives, discard this card and reveal another agenda from the top of the deck.

Elect Scored Secret Objective
 The elected secret objective becomes a public objective; place it near the other public objectives in the common play area.
",,Agenda,Base,Any,
Committee Formation,1,Before players vote on an agenda that requires a player to be elected:,,The owner of this card may discard this card to choose a player to be elected. Players do not vote on that agenda.,,Agenda,Base,Any,
Conventions of War,1,,,"FOR : Players cannot use BOMBARDMENT against units that are on cultural planets.

AGAINST : Each player that voted ""Against"" discards all of their action cards.
",,Agenda,Base,Any,
Core Mining,1,,,"Elect Hazardous Planet

Attach this card to the elected planet's card. Then, destroy 1 infantry on the planet.
The resource value of this planet is increased by 2.",,Agenda,Base,Any,
Demilitarized Zone,1,,,"Elect Cultural Planet

Attach this card to the elected planet's card. Then, destroy all units on that planet.
Player's units cannot land, be produced, or be placed on this planet.",,Agenda,Base,Any,
Enforced Travel Ban,1,,,"FOR : Alpha and beta wormholes have no effect during movement.
AGAINST : Destroy each PDS in or adjacent to a system that contains a wormhole.
",,Agenda,Base,Any,
Executive Sanctions,1,,,"FOR : Each player can have a maximum of 3 action cards in their hand.
AGAINST : Each player discards 1 random action card from their hand.
",,Agenda,Base,Any,
Fleet Regulations,1,,,"FOR : Each player cannot have more than 4 tokens in their fleet pool.
AGAINST : Each player places 1 command token from their reinforcements in their fleet pool.
",,Agenda,Base,Any,
Holy Planet of Ixth,1,When a player gains control of this planet,When a player loses control of this planet,"Elect Cultural Planet
Attach this card to the elected planet's card. The planet's owner gains 1 victory point. Units on this planet cannot use PRODUCTION. When a player gains control of this planet, they gain 1 victory point. When a player loses control of this planet, they lose 1 victory point.",,Agenda,Base,Any,
Homeland Defense Act,1,,,"FOR : Each player can have any number of PDS units on planets they control.
AGAINST : Each player destroys 1 of their PDS unit.
",,Agenda,Base,Any,
Imperial Arbiter,1,At the end of the strategy phase:,,the owner of this card may discard this card to swap 1 of their strategy cards with 1 of another player's strategy cards.,,Agenda,Base,Any,
Minister of Commerce,1,After the owner of this card replenishes commodities,,they gain 1 trade good for each player that is their neighbor.,,Agenda,Base,Any,
Minister of Exploration,1,When the owner of this card gains control of a planet:,,they gain 1 trade good.,,Agenda,Base,Any,
Minister of Industry,1,When the owner of this card places a space dock in a system,,their units in that system may use their PRODUCTION abilities.,,Agenda,Base,Any,
Minister of Peace,1,After a player activates a system that contains 1 or more of a different player's units,,the owner of this card may discard this card; immediately end the active player's turn.,,Agenda,Base,Any,
Minister of Policy,1,At the end of the status phase,,the owner of this card draws 1 action card.,,Agenda,Base,Any,
Minister of Sciences,1,"When the owner of this card resolves the primary or secondary ability of the ""Technology"" strategy card",,they do not need to spend resources to research technology.,,Agenda,Base,Any,
Minister of War,1,after performing an action,,The owner of this card may discard this card to remove 1 of their command counters from the game board and return it to their reinforcements; then they may perform 1 additional action.,,Agenda,Base,Any,
Prophecy of Ixth,1,When the owner of this card uses PRODUCTION,,they discard this card unless they produce 2 or more fighters.,,Agenda,Base,Any,
Publicize Weapon Schematics,1,,,"FOR : If any player owns a war sun technology, all players may ignore all prerequisites on war sun technologies. All war suns lose SUSTAIN DAMAGE.
AGAINST : Each player that owns a war sun technology discards all of their action cards.
",,Agenda,Base,Any,
Regulated Conscription,1,When a player produces units,,"FOR : When a player produces units, they produce only 1 fighter and infantry for its cost instead of 2.
AGAINST : No effect.
",,Agenda,Base,Any,
Research Team: Biotic,1,When the owner of this planet researches technology,,"Elect Industrial Planet
they may exhaust this card to ignore 1 green prerequisite.",,Agenda,Base,Any,
Research Team: Cybernetic,1,When the owner of this planet researches technology,,"Elect Industrial Planet
they may exhaust this card to ignore 1 yellow prerequisite.",,Agenda,Base,Any,
Research Team: Propulsion,1,When the owner of this planet researches technology,,"Elect Industrial Planet
they may exhaust this card to ignore 1 blue prerequisite.",,Agenda,Base,Any,
Research Team: Warfare,1,When the owner of this planet researches technology,,"Elect Hazardous planet
they may exhaust this card to ignore 1 red prerequisite.",,Agenda,Base,Any,
Senate Sanctuary,1,,,"Elect Cultural Planet
Attach this card to the elected planet's card.
The influence value of this planet is increased by 2.",,Agenda,Base,Any,
Shard of the Throne,1,When a player wins a combat against the owner of this card,,"Elect Player
The elected player gains this card and 1 victory point.
A player gains this card and 1 victory point when they win a combat against the owner of this card. Then, the previous owner of this card loses 1 victory point.",,Agenda,Base,Any,
Shared Research,1,,,"FOR : Each player's units can move through nebulae.
AGAINST : Each player places a command token from their reinforcements in their home system, if able.
",,Agenda,Base,Any,
Terraforming Initiative,1,,,"Elect Hazardous Planet
Attach this card to the elected planet's card.
The resource and influence values of this planet are increased by 1.",,Agenda,Base,Any,
The Crown of Thalnos,1,"During each combat round, after the Roll Dice step",,"Elect player
the owner of this card may reroll any number of dice; they must destroy each of their units that did not produce a hit with its reroll.",,Agenda,Base,Any,
The Crown of Emphidia,1,After you gain control of a planet in the home system of this card’s owner,,"Elect Player
The elected player gains this card and 1 victory point.
A player gains this card and 1 victory point after they gain control of a planet in the home system of this card's owner. Then, the previous owner of this card loses 1 victory point.",,Agenda,Base,Any,
Wormhole Reconstruction,1,,,"FOR : All systems that contain either an alpha or beta wormhole are adjacent to each other.
AGAINST : Each player places a command token from their reinforcements in each system that contains a wormhole and 1 or more of their ships.
",,Agenda,Base,Any,
Ceasefire,1,After the (color) player activates a system that contains 1 or more of your units,,"The (color) player cannot move units into the active system. Then, return this card to the (color) player.",,Promissory Note,Base,Any (except color),Color
Trade Agreement,1,When the (color) player replenishes commodities,,"The (color) player gives you all of their commodities. Then, return this card to the (color) player.",,Promissory Note,Base,Any (except color),Color
Political Secret,1,When an agenda is revealed,,"The (color) player cannot vote, play action cards, or use faction abilities until after that agenda has been resolved. Then, return this card to the (color) player. ",,Promissory Note,Base,Any (except color),Color
Support for the Throne,1,"When you receive this card, if you are not the (color) player",,"you must place it face-up in your play area and gain 1 Victory Point. If you activate a system that contains 1 or more of the (color) player's units, or if the (color) player is eliminated, lose 1 Victory Point and return this card to the (color) player. ",,Promissory Note,Base,Any (except color),Color
Alliance,1,"When you receive this card, if you are not the (color) player,",,"you must place it face up in your play area. While this card is in your play area, you can use the (color) player's commander ability, if it is unlocked. If you activate a system that contains 1 or more of the (color) player's units, return this card to the (color) player",,Promissory Note,Prophecy of Kings,Any (except color),Color
Stymie Ω,1,After another player moves ships into a system that contains 1 or more of your units,,"You may place 1 command token from that player's reinforcements in any non-home system. Then, return this card to the Arborec player ",,Promissory Note,Codex I,Any,Arborec
Strike Wing Ambuscade,1,When 1 or more of your units make a roll for a unit ability,,"Choose 1 of those units to roll 1 additional die. Then, return this card to the Argent player",,Promissory Note,Prophecy of Kings,Any,Argent Flight
War Funding Ω,1,After you and your opponent roll dice during space combat,,"You may reroll all of your opponent's dice
You may reroll any number of your dice
Then, return this card to the Letnev player
",,Promissory Note,Codex I,Any,Barony of Letnev
Ragh's Call,1,After you commit 1 or more units to land on a planet,,"Remove all of the Saar player's ground forces from that planet and place them on a planet controlled by the Saar player.
Then return this card to the Saar player. ",,Promissory Note,Base,Any,Clan of Saar
Keleres Rider,1,After an agenda is revealed,,"You cannot vote on this agenda. Predict aloud an outcome of this agenda. If your prediction is correct, draw 1 action card and gain 2 trade goods.
Then, return this card to the Keleres player.",,Promissory Note,Codex III,Any,Council Keleres
Fires of the Gashlai,1,ACTION,,"Remove 1 token from the Muaat player's fleet pool and return it to their reinforcements.
Then, gain your war sun unit upgrade technology card.
Then, return this card to the Muaat player.",,Promissory Note,Base,Any,Embers of Muaat
Trade Convoys,1,ACTION,,"Place this card face-up in your play area.
While this card is in your play area, you may negotiate transactions with players who are not your neighbor.
If you activate a system that contains 1 or more of the Hacan player's units, return this card to the Hacan player. ",,Promissory Note,Base,Any,Emirates of Hacan
Dark Pact,1,ACTION,,"Place this card face up in your play area.
When you give a number of commodities to the Empyrean player equal to your maximum commodity value, you each gain 1 trade good.
If you activate a system that contains 1 or more of the Empyrean player's units, return this card to the Empyrean player.",,Promissory Note,Prophecy of Kings,Any,Empyrean
Blood Pact,1,ACTION,,"Place this card face up in your play area.
When you and the Empyrean player cast votes for the same outcome, cast 4 additional votes for that outcome.
If you activate a system that contains 1 or more of the Empyrean player's units, return this card to the Empyrean player.",,Promissory Note,Prophecy of Kings,Any,Empyrean
Military Support,1,At the start of the Sol player's turn,,"Remove 1 token from the Sol player's strategy pool, if able, and return it to their reinforcements.  Then, you may place 2 infantry from your reinforcements on any planet you control. Then return this card to the Sol player.",,Promissory Note,Base,Any,Federation of Sol
Creuss Iff,1,At the start of your turn during the action phase,,"Place or move a Creuss wormhole token into either a system that contains a planet you control or a non-home system that does not contain another player's ships.
Then, return this card to the Creuss player.",,Promissory Note,Base,Any,Ghosts of Creuss
Cybernetic Enhancements Ω,1,When you gain command tokens during the status phase,,"Gain 1 additional command token
Then, return this card to the L1Z1X player",,Promissory Note,Codex I,Any,L1Z1X Mindnet
Scepter of Dominion,1,At the start of the strategy phase,,"Choose 1 non-home system that contains your units; each other player who has a token on the Mahact player's command sheet places a token from their reinforcements in that system
Then, return this card to the Mahact player",,Promissory Note,Prophecy of Kings,Any,Mahact Gene-Sorcerers
Promise of Protection,1,ACTION,,"Place this card face-up in your play area.
While this card is in your play area, the Mentak player cannot use their Pillage faction ability against you.
If you activate a system that contains 1 or more of the Mentak player's units, return this card to the Mentak player. ",,Promissory Note,Base,Any,Mentak Coalition
Gift of Prescience,1,At the end of the strategy phase,,"Place this card face-up in your play area and place the Naalu ""0"" token on your strategy card;  you are first in the initiative order.  The Naalu player cannot use their TELEPATHIC faction ability during this game round.
Return this card to the Naalu player at the end of the status phase. ",,Promissory Note,Base,Any,Naalu Collective
Black Market Forgery,1,ACTION,,"Purge 2 of your relic fragments of the same type to gain 1 relic
Then, return this card to the Naaz-Rokha player",,Promissory Note,Prophecy of Kings,Any,Naaz-Rokha Alliance
Antivirus,1,At the start of a combat,,"Place this card face-up in your play area. While this card is in your play area, the Nekro player cannot use their TECHNOLOGICAL SINGULARITY faction ability against you.
If you activate a system that contains 1 or more of the Nekro player's units, return this card to the Nekro player. ",,Promissory Note,Base,Any,Nekro Virus
The Cavalry,1,At the start of a space combat against a player other than the Nomad,,"During this combat, treat 1 of your non-fighter ships as if it has the SUSTAIN DAMAGE ability, combat value, and ANTI-FIGHTER BARRAGE value of the Nomad's flagship
Return this card to the Nomad player at the end of this combat.",,Promissory Note,Prophecy of Kings,Any,Nomad
Tekklar Legion,1,At the start of an invasion combat,,"Apply +1 to the result of each of your unit's combat rolls during this combat.  If your opponent is the N'orr player, apply -1 to the result of each of their unit's combat rolls during this combat.
Then, return this card to the N'orr player.",,Promissory Note,Base,Any,Sardakk N’orr
Terraform,1,ACTION,,"Attach this card to a non-home planet you control other than Mecatol Rex.
Its resource and influence values are each increased by 1 and it is treated as having all 3 planet traits (cultural, hazardous, and industrial)",,Promissory Note,Prophecy of Kings,Any,Titans of Ul
Research Agreement,1,After the Jol-Nar player researches a technology that is not a faction technology,,"Gain that technology.
Then, return this card to the Jol-Nar player. ",,Promissory Note,Base,Any,Universities of Jol-Nar
Crucible,1,After you activate a system,,"Your ships do not roll for gravity rifts during this movement; apply an additional +1 to the move values of your ships that would move out of or through a gravity rift instead
Then, return this card to the Vuil'raith player",,Promissory Note,Prophecy of Kings,Any,Vuil’raith Cabal
Acquiescence Ω,1,When the Winnu player resolves a strategic action,,"You do not have to spend or place a command token to resolve the secondary ability of that strategy card
Then, return this card to the Winnu player",,Promissory Note,Base,Any,Winnu
Political Favor,1,When an agenda is revealed,,"Remove 1 token from the Xxcha player's strategy pool and return it to their reinforcements.  Then, discard the revealed agenda and reveal 1 agenda from the top of the deck.  Players vote on this agenda instead.
Then, return this card to the Xxcha player. ",,Promissory Note,Base,Any,Xxcha Kingdom
Greyfire Mutagen Ω,1,At the start of a ground combat against 2 or more ground forces that are not controlled by the Yin player,,"Replace 1 of your opponent's infantry with 1 infantry from your reinforcements
Then, return this card to the Yin player",,Promissory Note,Codex I,Any,Yin Brotherhood
Spy Net,1,At the start of your turn,,"Look at the Yssaril player's hand of action cards.  Choose 1 of those cards and add it to your hand.
Then, return this card to the Yssaril player.",,Promissory Note,Base,Any,Yssaril Tribes
Neural Motivator,,,,"During the status phase, draw 2 action cards instead of 1.",,Technology,Base,Any,
Daxcive Animators,,After you win a ground combat,,you may place 1 infantry from your reinforcements on that planet,,Technology,Base,Any,
Hyper Metabolism,,,,"During the status phase, gain 3 command tokens instead of 2",,Technology,Base,Any,
X-89 Bacterial Weapon ΩΩ,,,,"Double the hits produced by your units' BOMBARDMENT and ground combat rolls.
Exhaust each planet you use BOMBARDMENT against.",,Technology,Codex IV,Any,
Bioplasmosis,,"At the end of the status phase,",,you may remove any number of infantry from planets you control and place them on 1 or more planets you control in the same or adjacent systems.,,Technology,Base,Arborec,
Production Biomes,,ACTION,,Exhaust this card and spend 1 token from your strategy pool to gain 4 trade goods and choose 1 other player; that player gains 2 trade goods.,,Technology,Base,Emirates of Hacan,
Neuroglaive,,After another player activates a system that contains 1 or more of your ships,,that player removes 1 token from their fleet pool and returns it to their reinforcements.,,Technology,Base,Naalu Collective,
Instinct Training,,when another player plays an action card,,You may exhaust this card and spend 1 token from your strategy pool; cancel that action card.,,Technology,Base,Xxcha Kingdom,
Yin Spinner Ω,,After you produce units,,place up to 2 infantry from your reinforcements on any planet you control or in any space area that contains 1 or more of your ships,,Technology,Codex I,Yin Brotherhood,
Transparasteel Plating,,,,"During your turn of the action phase, players that have passed cannot play action cards.",,Technology,Base,Yssaril Tribes,
Mageon Implants,,ACTION,,Exhaust this card to look at another player's hand of action cards.  Choose 1 of those cards and add it to your hand.,,Technology,Base,Yssaril Tribes,
Psychoarchaeology,,During the Action Phase,,you can exhaust planets you control that have technology specialties to gain 1 Trade Good,,Technology,Prophecy of Kings,Any,
Bio-Stims,,at the end of your turn,,You may exhaust this card to ready 1 of your planets that has a technology specialty or 1 of your other technologies,,Technology,Prophecy of Kings,Any,
Voidwatch,,"After a player moves ships into a system that contains 1 or more of your units,",,"they must give you 1 promissory note from their hand, if able",,Technology,Prophecy of Kings,Empyrean,
Genetic Recombination,,before a player casts votes,,You may exhaust this card; that player must cast at least 1 vote for an outcome of your choice or remove 1 token from their fleet pool and return it to their reinforcements,,Technology,Prophecy of Kings,Mahact Gene-Sorcerers,
Pre-Fab Arcologies,,After you explore a planet,,Ready that planet.,,Technology,Prophecy of Kings,Naaz-Rokha Alliance,
Antimass Deflectors,,When other players’ units use SPACE CANNON against your units,,"Your ships can move into and through asteroid fields
When other players’ units use SPACE CANNON against your units, apply -1 to the result of each die roll",,Technology,Base,Any,
Gravity Drive,,After you activate a system,,"After you activate a system, apply +1 to the move value of 1 of your ships during this tactical action",,Technology,Base,Any,
Fleet Logistics,,,,"During each of your turns of the action phase, you may perform 2 actions instead of 1",,Technology,Base,Any,
Light/Wave Deflector,,,,Your ships can move through systems that contain other players' ships,,Technology,Base,Any,
Chaos Mapping,,At the start of your turn during the action phase,,"Other players cannot activate asteroid fields that contain 1 or more of your ships.
At the start of your turn during the action phase, you may produce 1 unit in a system that contains at least 1 of your units that has Production.",,Technology,Base,Clan of Saar,
Wormhole Generator Ω,,ACTION,,ACTION: Exhaust this card to place or move a Creuss wormhole token into either a system that contains a planet you control or a non-home system that does not contain another player's ships,,Technology,Base,Ghosts of Creuss,
Spacial Conduit Cylinder,,After you activate a system that contains 1 or more of your units,,You may exhaust this card after you activate a system that contains 1 or more of your units; that system is adjacent to all other systems that contain 1 or more of your units during this activation.,,Technology,Base,Universities of Jol-Nar,
Lazax Gate Folding,,ACTION,,"During your tactical actions, if you do not control Mecatol Rex, treat its system as if it has both an α and β wormhole. ACTION: If you control Mecatol Rex, exhaust this card to place 1 infantry from your reinforcements on Mecatol Rex",,Technology,Base,Winnu,
Dark Energy Tap,,After you perform a tactical action in a system that contains a frontier token,,"After you perform a tactical action in a system that contains a frontier token, if you have 1 or more ships in that system, explore that token
Your ships can retreat into adjacent systems that do not contain other players' units, even if you do not have units or control planets in that system.",,Technology,Prophecy of Kings,Any,
Sling Relay,,ACTION,,ACTION: Exhaust this card to produce 1 ship in any system that contains one of your space docks,,Technology,Prophecy of Kings,Any,
Aetherstream,,After you or one of your neighbors activates a system that is adjacent to an anomaly,,"After you or one of your neighbors activates a system that is adjacent to an anomaly, you may apply +1 to the move value of all of that player's ships during this tactical action",,Technology,Prophecy of Kings,Empyrean,
Sarween Tools,,When 1 or more of your units use Production,,"When 1 or more of your units use Production, reduce the combined cost of the produced units by 1",,Technology,Base,Any,
Graviton Laser System,,Before 1 or more of your units uses SPACE CANNON,,You may exhaust this card before 1 or more of your units uses Space Cannon; hits produced by those units must be assigned to non-fighter ships if able,,Technology,Base,Any,
Transit Diodes,,At the start of your turn during the action phase,,You may exhaust this card at the start of your turn during the action phase; remove up to 4 of your ground forces from the game board and place them on 1 or more planets you control.,,Technology,Base,Any,
Integrated Economy,,After you gain control of a planet,,"After you gain control of a planet, you may produce any number of units on that planet that have a combined cost equal to or less than that planet’s resource value.",,Technology,Base,Any,
L4 Disruptors,,,,"During an invasion, units cannot use Space Cannon against your units.",,Technology,Base,Barony of Letnev,
Quantum Datahub Node,,At the end of the strategy phase,,"At the end of the strategy phase, you may spend 1 token from your strategy pool and give another player 3 of your trade goods.  If you do, give 1 of your strategy cards to that player and take 1 of their strategy cards.",,Technology,Base,Emirates of Hacan,
Inheritance Systems,,When you research a technology,,You may exhaust this card and spend 2 resources when you research a technology; ignore all of that technology's prerequisites.,,Technology,Base,L1Z1X mindnet,
Salvage Operations,,After you win or lose a space combat,,"After you win or lose a space combat, gain 1 trade good; if you won the combat, you may also produce 1 ship in that system of any ship type that was destroyed during the combat.",,Technology,Base,Mentak Coalition,
Mirror Computing,,,,"When you spend trade goods, each trade good is worth 2 resources or influence instead of 1.",,Technology,Base,Mentak Coalition,
E-Res Siphons,,After another player activates a system that contains 1 or more of your ships,,"After another player activates a system that contains 1 or more of your ships, gain 4 trade goods.",,Technology,Base,Universities of Jol-Nar,
Hegemonic Trade Policy,,When 1 or more of your units use PRODUCTION,,Exhaust this card when 1 or more of your units use PRODUCTION; swap the resource and influence values of 1 planet you control until the end of your turn.,,Technology,Base,Winnu,
Nullification Field,,After another player activates a system that contains 1 or more of your ships,,"After another player activates a system that contains 1 or more of your ships, you may exhaust this card and spend 1 token from your strategy pool; immediately end that player's turn.",,Technology,Base,Xxcha Kingdom,
Impulse Core,,At the start of a space combat,,"At the start of a space combat, you may destroy 1 of your cruisers or destroyers in the active system to produce 1 hit against your opponent's ships; that hit must be assigned by your opponent to 1 of their non-fighters ships if able.",,Technology,Base,Yin Brotherhood,
Scanlink Drone Network,,When you activate a system,,"When you activate a system, you may explore 1 planet in that system which contains 1 or more of your units",,Technology,Prophecy of Kings,Any,
Predictive Intelligence,,At the end of your turn,When you cast votes during the agenda phase,"At the end of your turn, you may exhaust this card to redistribute your command tokens
When you cast votes during the agenda phase, you may cast 3 additional votes; if you do, and the outcome you voted for is not resolved, exhaust this card",,Technology,Prophecy of Kings,Any,
Temporal Command Suite,,After any player’s agent becomes exhausted,,"After any player's agent becomes exhausted, you may exhaust this card to ready that agent; if you ready another player's agent, you may perform a transaction with that player",,Technology,Prophecy of Kings,Nomad,
Aerie Hololattice,,,,"Other players cannot move ships through systems that contain your structures
Each planet that contains 1 or more of your structures gains the PRODUCTION 1 ability as if it were a unit",,Technology,Prophecy of Kings,Argent Flight,
I.I.H.Q Modernization,,,,"You are neighbors with all players that have units or control planets in or adjacent to the Mecatol Rex system.
Gain the Custodia Vigilia planet card and its legendary planet ability card. You cannot lose these cards, and this card cannot have an X or Y assimilator token placed on it.",,Technology,Codex III,Council Keleres,
Agency Supply Network,,Whenever you resolve one of your PRODUCTION abilities,,"Whenever you resolve one of your PRODUCTION abilities, you may resolve an additional one of your PRODUCTION abilities in any system; the additional use does not trigger this ability.",,Technology,Codex III,Council Keleres,
Plasma Scoring,,When 1 or more of your units use BOMBARDMENT or SPACE CANNON,,"When 1 or more of your units use Bombardment or Space Cannon, 1 of those units may roll 1 additional die",,Technology,Base,Any,
Magen Defense Grid ΩΩ,,When any player activates a system that contains 1 or more of your structures,At the start of ground combat on a planet that contains 1 or more of your structures,"When any player activates a system that contains 1 or more of your structures, place 1 infantry from your reinforcements with each of those structures.
At the start of ground combat on a planet that contains 1 or more of your structures, produce 1 hit and assign it to 1 of your opponent's ground forces.",,Technology,Codex IV,Any,
Duranium Armor,,After you assign hits to your units during each combat round,,"During each combat round, after you assign hits to your units, repair 1 of your damaged units that did not use Sustain Damage during this combat round.",,Technology,Base,Any,
Assault Cannon,,At the start of a space combat in a system that contains 3 or more of your non-fighter ship,,"At the start of a space combat in a system that contains 3 or more of your non-fighter ships, your opponent must destroy 1 of their non-fighter ships",,Technology,Base,Any,
Non-Euclidian Shielding,,When 1 of your units uses SUSTAIN DAMAGE,,"When 1 of your units uses Sustain Damage, cancel 2 hits instead of 1.",,Technology,Base,Barony of Letnev,
Magmus Reactor Ω,,,,"Your ships can move into supernovas.
Each supernova that contains 1 or more of your units gains the PRODUCTION 5 ability as if it were 1 of your units.",,Technology,Base,Embers of Muaat,
Dimensional Splicer,,At the start of a space combat in a system that contains a wormhole and 1 or more of your ships,,"At the start of space combat in a system that contains a wormhole and 1 or more of your ships, you may produce 1 hit and assign it to 1 of your opponent's ships.",,Technology,Base,Ghosts of Creuss,
Valkyrie Particle Weave,,After making combat rolls during a round of ground combat,,"After making combat rolls during a round of ground combat, if your opponent produced 1 or more hits, you produce 1 additional hit.",,Technology,Base,Sardakk N’orr,
AI Development Algorithm,,When you research a unit upgrade technology,When 1 or more of your units use PRODUCTION,"When you research a unit upgrade technology, you may exhaust this card to ignore any 1 prerequisite
When 1 or more of your units use Production, you may exhaust this card to reduce the combined cost of the produced units by the number of unit upgrade technologies that you own",,Technology,Prophecy of Kings,Any,
Self Assembly Routines,,After 1 or more of your units use PRODUCTION,After 1 of your mechs is destroyed,"After 1 or more of your units use PRODUCTION, you may exhaust this card to place 1 mech from your reinforcements on a planet you control in that system
After 1 of your mechs is destroyed, gain 1 trade good",,Technology,Prophecy of Kings,Any,
Supercharge,,At the start of a combat round,,"At the start of a combat round, you may exhaust this card to apply +1 to the result of each of your unit's combat rolls during this combat round",,Technology,Prophecy of Kings,Naaz-Rokha Alliance,
Vortex,,ACTION,,ACTION: Exhaust this card to choose another player's non-structure unit in a system that is adjacent to 1 or more of your space docks. Capture 1 unit of that type from that player's reinforcements,,Technology,Prophecy of Kings,Vuil’Raith Cabal,
Carrier II,4,,,Cost=3 | Combat=9 | Move=2 | Capacity=6,,Technology,Base,Any,
Advanced Carrier II,4,,,"Cost=3 | Combat=9 | Move=2 | Capacity=8
SUSTAIN DAMAGE",,Technology,Base,Federation of Sol,
Cruiser II,8,,,Cost=2 | Combat=6 | Move=3 | Capacity=1,,Technology,Base,Any,
Saturn Engine II,8,,,"Cost=2 | Combat=6 | Move=3 | Capacity=2
SUSTAIN DAMAGE",,Technology,Prophecy of Kings,Titans of Ul,
Destroyer II,8,,,"Cost=1 | Combat=8 | Move=2 | Capacity=0
ANTI-FIGHTER BARRAGE 6(x3)",,Technology,Base,Any,
Strike Wing Alpha II,8,When this unit uses ANTI-FIGTHER BARRAGE,,"Cost=1 | Combat=7 | Move=2 | Capacity=0
ANTI-FIGHTER BARRAGE 6(x3)
When this unit uses ANTI-FIGHTER BARRAGE, each result of 9 or 10 also destroys 1 of your opponents infantry in the space area of the active system.",,Technology,Prophecy of Kings,Argent Flight,
Dreadnought II,5,,,"Cost=4 | Combat=5 | Move=2 | Capacity = 1
SUSTAIN DAMAGE
BOMBARDMENT 5
This unit cannot be destroyed by ""Direct Hit"" action cards.",,Technology,Base,Any,
Super-Dreadnought II,5,,,"Cost=4 | Combat=4 | Move=2 | Capacity=2
SUSTAIN DAMAGE
BOMBARDMENT 4
This unit cannot be destroyed by ""Direct Hit"" action cards.",,Technology,Base,L1Z1X mindnet,
Exotrireme II,5,After a round of space combat,,"Cost=4 | Combat=5 | Move=2 | Capacity = 1
SUSTAIN DAMAGE
BOMBARDMENT 4(x2)
This unit cannot be destroyed by ""Direct Hit"" action cards.
After a round of space combat, you may destroy this unit to destroy up to 2 ships in this system.",,Technology,Base,Sardakk N’orr,
Fighter II,10,,,"Cost=1(x2) | Combat=8 | Move=2 | Capacity=0
This unit may move without being transported.
Fighters in excess of your ships' capacity count against your fleet pool",,Technology,Base,Any,
Hybrid Crystal Fighter II,10,,,"Cost=1(x2) | Combat=7 | Move=2 | Capacity=0
This unit may move without being transported.
Each fighter in excess of your ships' capacity count as 1/2 of a ship against your fleet pool",,Technology,Base,Naalu Collective,
Infantry II,12,After this unit is destroyed,At the start of your next turn,"Cost=1(x2) | Combat=7
After this unit is destroyed, roll 1 die. If the result is 6 or greater, place the unit on this card. At the start of your next turn, place each unit that is on this card on a planet you control in your home system",,Technology,Base,Any,
Spec Ops II,12,After this unit is destroyed,At the start of your next turn,"Cost=1(x2) | Combat=6
After this unit is destroyed, roll 1 die. If the result is 5 or greater, place the unit on this card. At the start of your next turn, place each unit that is on this card on a planet you control in your home system",,Technology,Base,Federation of Sol,
Letani Warrior II,12,After this unit is destroyed,At the start of your next turn,"Cost=1(x2) | Combat=7
After this unit is destroyed, roll 1 die. If the result is 6 or greater, place the unit on this card. At the start of your next turn, place each unit that is on this card on a planet you control in your home system
PRODUCTION 2",,Technology,Base,Arborec,
Crimson Legionnaire II,12,After this unit is destroyed,At the start of your next turn,"Cost=1(x2) | Combat=7
After this unit is destroyed, gain 1 commodity or convert 1 of your commodities to a trade good. Then, place the unit on this card. At the start of your next turn, place each unit that is on this card on a planet you control in your home system",,Technology,Prophecy of Kings,Mahact Gene-Sorcerers,
PDS II,6,,,"PLANETARY SHIELD
SPACE CANNON 5
You may use this unit's SPACE CANNON against ships that are adjacent to this unit's system.",,Technology,Base,Any,
Hel-Titan II,6,,,"This unit is treated as both a structure and a ground force. It cannot be transported
You may use this unit's SPACE CANNON against ships that are adjacent to this unit's system
PLANETARY SHIELD
SPACE CANNON 5
SUSTAIN DAMAGE
PRODUCTION 1",,Technology,Prophecy of Kings,Titans of Ul,
Space Dock II,3,,,"This unit's PRODUCTION value is equal to 4 more than the resource value of this planet.
Up to 3 fighters in this system do not count towards your ships' capacity.
PRODUCTION X",,Technology,Base,Any,
Floating Factory II,3,,,"This unit is placed in the space area instead of on a planet.
This unit can move and retreat as if it were a ship.
If this unit is blockaded, it is destroyed
PRODUCTION 7",,Technology,Base,Clan of Saar,
Dimensional Tear II,3,,,"This system is a gravity rift; your ships do not roll for this gravity rift.
Place a dimensional tear token beneath this unit as a reminder.
Up to 12 fighters in this system do not count against your ships' capacity.
PRODUCTION 7",,Technology,Prophecy of Kings,Vuil’Raith Cabal,
War Sun,2,,,"Cost=12 | Combat=3(x3) | Move=2 | Capacity=6
Other players' units in this system lose their Planetary Shield Ability.
SUSTAIN DAMAGE
BOMBARDMENT 3(x3)",,Technology,Base,Any,
Prototype War Sun II,2,,,"Cost=10 | Combat=3(x3) | Move=3 | Capacity=6
Other players' units in this system lose their Planetary Shield Ability.
SUSTAIN DAMAGE
BOMBARDMENT 3(x3)",,Technology,Base,Embers of Muaat,
Memoria II,1,,,"Cost=8 | Combat=5(x2) | Move=2 | Capacity=6
You may treat this unit as if it were adjacent to systems that contain one or more of your mechs
SUSTAIN DAMAGE
ANTI-FIGHTER BARRAGE 5(x3)",,Technology,Prophecy of Kings,Nomad,
Carrier,4,,,Cost=3 | Combat=9 | Move=1 | Capacity=4,,Unit,Base,Any,
Advanced Carrier,4,,,Cost=3 | Combat=9 | Move=1 | Capacity=6,,Unit,Base,Federation of Sol,
Cruiser,8,,,Cost=2 | Combat=7 | Move=2 | Capacity=0,,Unit,Base,Any,
Saturn Engine,8,,,Cost=2 | Combat=7 | Move=2 | Capacity=1,,Unit,Prophecy of Kings,Titans of Ul,
Destroyer,8,,,"Cost=1 | Combat=9 | Move=2 | Capacity=0
ANTI-FIGHTER BARRAGE 9(x2)",,Unit,Base,Any,
Strike Wing Alpha,8,,,"Cost=1 | Combat=8 | Move=2 | Capacity=1
ANTI-FIGHTER BARRAGE 9(x2)",,Unit,Prophecy of Kings,Argent Flight,
Dreadnought,5,,,"Cost=4 | Combat=5 | Move=1 | Capacity=1
SUSTAIN DAMAGE
BOMBARDMENT 5",,Unit,Base,Any,
Super-Dreadnought,5,,,"Cost=4 | Combat=5 | Move=1 | Capacity=2
SUSTAIN DAMAGE
BOMBARDMENT 5",,Unit,Base,L1Z1X mindnet,
Exotrireme,5,,,"Cost=4 | Combat=5 | Move=1 | Capacity=1
SUSTAIN DAMAGE
BOMBARDMENT 4(x2)",,Unit,Base,Sardakk N’orr,
Fighter,10,,,Cost=1(x2) | Combat=9 | Move=0 | Capacity=0,,Unit,Base,Any,
Hybrid Crystal Fighter,10,,,Cost=1(x2) | Combat=8 | Move=0 | Capacity=0,,Unit,Base,Naalu Collective,
Duha Menaimon,1,After you activate this system,,"Cost=8 | Combat=7(x2) | Move=1 | Capacity=5
After you activate this system, you may produce up to 5 units in this system.
SUSTAIN DAMAGE",,Unit,Base,Arborec,
Quetzecoatl,1,,,"Cost=8 | Combat=7(x2) | Move=1 | Capacity=3
Other players cannot use SPACE CANNON against your ships in this system
SUSTAIN DAMAGE",,Unit,Prophecy of Kings,Argent Flight,
Arc Secundus,1,At the start of each combat round,,"Cost=8 | Combat=5(x2) | Move=1 | Capacity=3
Other players' units in this system lose PLANETARY SHIELD
At the start of each space combat round, repair this ship
SUSTAIN DAMAGE",,Unit,Base,Barony of Letnev,
Son of Ragh,1,,,"Cost=8 | Combat=5(x2) | Move=1 | Capacity=3
ANTI-FIGHTER BARRAGE 6(x4)
SUSTAIN DAMAGE",,Unit,Base,Clan of Saar,
Artemiris,1,,,"Cost=8 | Combat=7(x2) | Move=1 | Capacity=3
Other players must spend 2 influence to activate the system that contains this ship.
SUSTAIN DAMAGE",,Unit,Codex III,Council Keleres,
The Inferno,1,ACTION,,"Cost=8 | Combat=5(x2) | Move=1 | Capacity=3
ACTION: Spend 1 token from your strategy pool to place 1 cruiser in this unit's system.
SUSTAIN DAMAGE",,Unit,Base,Embers of Muaat,
Wrath of Kenara,1,After you roll a die during space combat in this system,,"Cost=8 | Combat=7(x2) | Move=1 | Capacity=3
After you roll a die during space combat in this system, you may spend 1 trade good to apply +1 to the result.
SUSTAIN DAMAGE",,Unit,Base,Emirates of Hacan,
Dynamo,1,After any player's unit in this system or an adjacent system uses SUSTAIN DAMAGE,,"Cost=8 | Combat=5(x2) | Move=1 | Capacity=3
After any player's unit in this system or an adjacent system uses SUSTAIN DAMAGE, you may spend 2 influence to repair that unit.
SUSTAIN DAMAGE",,Unit,Prophecy of Kings,Empyrean,
Genesis,1,At the end of the status phase,,"Cost=8 | Combat=5(x2) | Move=1 | Capacity=12
At the end of the status phase, place 1 infantry from your reinforcements in this system's space area.
SUSTAIN DAMAGE",,Unit,Base,Federation of Sol,
Hil Colish,1,During movement,,"Cost=8 | Combat=5 | Move=1 | Capacity=3
This ship's system contains a delta wormhole
During movement, this ship may move before or after your other ships
SUSTAIN DAMAGE",,Unit,Base,Ghosts of Creuss,
[0.0.1],1,During a space combat,,"Cost=8 | Combat=5(x2) | Move=1 | Capacity=5
During a space combat, hits produced by this ship and by your dreadnoughts in this system must be assigned to non-fighter ships if able.
SUSTAIN DAMAGE",,Unit,Base,L1Z1X mindnet,
Arvicon Rex,1,During combat against an opponent whose command token is not in your fleet pool,,"Cost=8 | Combat=5(x2) | Move=1 | Capacity=3
During combat against an opponent whose command token is not in your fleet pool, apply +2 to the results of this unit's combat rolls
SUSTAIN DAMAGE",,Unit,Prophecy of Kings,Mahact Gene-Sorcerers,
Fourth Moon,1,,,"Cost=8 | Combat=7(x2) | Move=1 | Capacity=3
Other players' ships in this system cannot use SUSTAIN DAMAGE
SUSTAIN DAMAGE",,Unit,Base,Mentak Coalition,
Matriarch,1,During an invasion in this system,When combat ends,"Cost=8 | Combat=9(x2) | Move=1 | Capacity=6
During an invasion in this system, you may commit fighters to planets as if they were ground forces. When combat ends, return those units to the space area.
SUSTAIN DAMAGE",,Unit,Base,Naalu Collective,
Visz el Vir,1,,,"Cost=8 | Combat=9(x2) | Move=1 | Capacity=4
Your mechs in this system roll 1 additional die during combat
SUSTAIN DAMAGE",,Unit,Prophecy of Kings,Naaz-Rokha Alliance,
The Alastor,1,At the start of a space combat,,"Cost=8 | Combat=9(x2) | Move=1 | Capacity=3
At the start of a space combat, choose any number of your ground forces in this system to participate in that combat as if they were ships.
SUSTAIN DAMAGE",,Unit,Base,Nekro Virus,
Memoria,1,,,"Cost=8 | Combat=7(x2) | Move=1 | Capacity=3
You may treat this unit as if it were adjacent to systems that contain one or more of your mechs
ANTI-FIGHTER BARRAGE 8(x3)
SUSTAIN DAMAGE",,Unit,Prophecy of Kings,Nomad,
C'Morran N'orr,1,,,"Cost=8 | Combat=6(x2) | Move=1 | Capacity=3
Apply +1 to the result of each of your other ship's combat rolls in this system.
SUSTAIN DAMAGE",,Unit,Base,Sardakk N’orr,
Ouranos,1,After you active a system that contains 1 or more of your PDS,,"Cost=8 | Combat=7(x2) | Move=1 | Capacity=3
DEPLOY: After you activate a system that contains 1 or more of your PDS, you may replace 1 of those PDS with this unit
SUSTAIN DAMAGE",,Unit,Prophecy of Kings,Titans of Ul,
J.N.S. Hylarim,1,When making a combat roll for this ship,,"Cost=8 | Combat=6(x2) | Move=1 | Capacity=3
When making a combat roll for this ship, each result of a 9 or 10, before applying modifiers, produces 2 additional hits.
SUSTAIN DAMAGE",,Unit,Base,Universities of Jol-Nar,
The Terror Between,1,,,"Cost=8 | Combat=5(x2) | Move=1 | Capacity=3
Capture all other non-structure units that are destroyed in this unit's system, including your own
BOMBARDMENT 5
SUSTAIN DAMAGE",,Unit,Prophecy of Kings,Vuil’Raith Cabal,
Salai Sai Corian,1,When this unit makes a combat roll,,"Cost=8 | Combat=7 | Move=1 | Capacity=3
When this unit makes a combat roll, it rolls a number of dice equal to the number of your opponent's non-fighter ships in this system.
SUSTAIN DAMAGE",,Unit,Base,Winnu,
Loncarra Ssodu,1,,,"Cost=8 | Combat=7(x2) | Move=1 | Capacity=3
You may use this unit's SPACE CANNON against ships that are in adjacent systems.
SPACE CANNON 5(x3)
SUSTAIN DAMAGE",,Unit,Base,Xxcha Kingdom,
Van Hauge,1,When this ship is destroyed,,"Cost=8 | Combat=9(x2) | Move=1 | Capacity=3
When this ship is destroyed, destroy all ships in this system.
SUSTAIN DAMAGE",,Unit,Base,Yin Brotherhood,
Y'sia Y'ssrila,1,,,"Cost=8 | Combat=5(x2) | Move=2 | Capacity=3
This ship can move through systems that contain other player's ships.
SUSTAIN DAMAGE",,Unit,Base,Yssaril Tribes,
Valefar Assimilator X,,When you would gain another player’s technology using 1 of your faction abilities,,"When you would gain another player's technology using 1 of your faction abilities, you may place the ""X"" assimilator token on a faction technology owned by that player instead.  While that token is on a technology, this card gains that technology's text.  You cannot place an assimilator token on technology that already has an assimilator token.",,Technology,Base,Nekro Virus,
Valefar Assimilator Y,,When you would gain another player’s technology using 1 of your faction abilities,,"When you would gain another player's technology using 1 of your faction abilities, you may place the “Y"" assimilator token on a faction technology owned by that player instead.  While that token is on a technology, this card gains that technology's text.  You cannot place an assimilator token on technology that already has an assimilator token.",,Technology,Base,Nekro Virus,
Infantry,12,,,Cost=1(x2) | Combat=8,,Unit,Base,Any,
Spec Ops,12,,,Cost=1(x2) | Combat=7,,Unit,Base,Federation of Sol,
Letani Warrior,12,,,"Cost=1(x2) | Combat=8
PRODUCTION 1",,Unit,Base,Arborec,
Crimson Legionnaire,12,After this unit is destroyed,,"Cost=1(x2) | Combat=8
After this unit is destroyed, gain 1 commodity or convert 1 of your commodities to a trade good.",,Unit,Prophecy of Kings,Mahact Gene-Sorcerers,
Letani Behemoth,4,When you use MITOSIS faction ability,,"Cost=2 | Combat=6
DEPLOY: When you use MITOSIS faction ability you may replace 1 of your infantry with 1 mech from your reinforcements instead
SUSTAIN DAMAGE
PRODUCTION 2
PLANETARY SHIELD",,Unit,Prophecy of Kings,Arborec,
Aerie Sentinel,4,,,"Cost=2 | Combat=6
This unit does not count against capacity if it is being transported or if it is in a space area with 1 or more of your ships that has capacity values.
SUSTAIN DAMAGE",,Unit,Prophecy of Kings,Argent Flight,
Dunlain Reaper,4,At the start of a round of ground combat,,"Cost=2 | Combat=6
DEPLOY: At the start of a round of ground combat, you may spend 2 resources to replace 1 of your infantry in that combat with 1 mech.
SUSTAIN DAMAGE",,Unit,Prophecy of Kings,Barony of Letnev,
Scavenger Zeta,4,After you gain control of a planet,,"Cost=2 | Combat=6
DEPLOY: After you gain control of a planet, you may spend 1 trade good to place 1 mech on that planet.
SUSTAIN DAMAGE",,Unit,Prophecy of Kings,Clan of Saar,
Omniopiares,4,,,"Cost=2 | Combat=6
Other players must spend 1 influence to commit ground forces to the planet that contains this unit.
SUSTAIN DAMAGE",,Unit,Codex III,Council Keleres,
Ember Colossus,4,When you use your STAR FORGE faction ability in this system or an adjacent system,,"Cost=2 | Combat=6
When you use your STAR FORGE faction ability in this system or an adjacent system, you may place 1 infantry from your reinforcements with this unit.
SUSTAIN DAMAGE",,Unit,Prophecy of Kings,Embers of Muaat,
Pride of Kenara,4,,,"Cost=2 | Combat=6
This planet's card may be traded as part of a transaction; if you do, move all of your units from this planet to another planet you control.
SUSTAIN DAMAGE",,Unit,Prophecy of Kings,Emirates of Hacan,
Watcher,4,,,"Cost=2 | Combat=6
You may remove this unit from a system that contains or is adjacent to another player's units to cancel an action card played by that player.
SUSTAIN DAMAGE",,Unit,Prophecy of Kings,Empyrean,
ZS Thunderbolt M2,4,After you use your ORBITAL DROP faction ability,,"Cost=2 | Combat=6
DEPLOY: After you use your ORBITAL DROP faction ability you may spend 3 resources to place 1 mech on that planet.
SUSTAIN DAMAGE",,Unit,Prophecy of Kings,Federation of Sol,
Icarus Drive,4,After any player activates a system,,"Cost=2 | Combat=6
After any player activates a system, you may remove this unit from the game board to place or move a Creuss wormhole token into this system.
SUSTAIN DAMAGE",,Unit,Prophecy of Kings,Ghosts of Creuss,
Annihilator,4,,,"Cost=2 | Combat=6
While not participating in ground combat, this unit can use its BOMBARDMENT ability on planets in its system as if it were a ship.
SUSTAIN DAMAGE
BOMBARDMENT 8",,Unit,Prophecy of Kings,L1Z1X mindnet,
Starlancer,4,After a player whose command token is in your fleet pool activates this system,,"Cost=2 | Combat=6
After a player whose command token is in your fleet pool activates this system, you may spend their token from your fleet pool to end their turn; they gain that token.
SUSTAIN DAMAGE",,Unit,Prophecy of Kings,Mahact Gene-Sorcerers,
Moll Terminus,4,,,"Cost=2 | Combat=6
Other players' ground forces on this planet cannot use SUSTAIN DAMAGE.
SUSTAIN DAMAGE",,Unit,Prophecy of Kings,Mentak Coalition,
Iconoclast Ω,4,,,"Cost=2 | Combat=6
Other players cannot use ANTI-FIGHTER BARRAGE against your units in this system.
SUSTAIN DAMAGE",,Unit,Prophecy of Kings,Naalu Collective,
Eidolon,4,At the start of a space combat in this unit’s system,,"Cost=2 | Combat=6(x2)
If this unit is in the space area of the active system at the start of a space combat, flip this card (to Z-Grav Eidolon).
SUSTAIN DAMAGE
(This card begins the game with this side face up)",,Unit,Prophecy of Kings,Naaz-Rokha Alliance,
Z-Grav Eidolon,4,At the end of a space combat in the active system,,"Cost=2 | Combat=8(x2)
If this unit is in the space area of the active system, it is also a ship. At the end of a space battle in the active system, flip this card (to Eidolon).
(This card begins the game with this side face down)
",,Unit,Prophecy of Kings,Naaz-Rokha Alliance,
Mordred,4,,,"Cost=2 | Combat=6
During combat against an opponent who has an ""X"" or ""Y"" token on 1 or more of their technologies, apply +2 to the result of each of this unit's combat rolls.
SUSTAIN DAMAGE",,Unit,Prophecy of Kings,Nekro Virus,
Quantum Manipulator,4,,,"Cost=2 | Combat=6
While this unit is in a space area during combat, you may use its SUSTAIN DAMAGE ability to cancel a hit that is produced against your ships in this system.
SUSTAIN DAMAGE",,Unit,Prophecy of Kings,Nomad,
Valkyrie Exoskeleton,4,After this unit uses its SUSTAIN DAMAGE ability during Ground Combat,,"Cost=2 | Combat=6
After this unit uses its SUSTAIN DAMAGE ability during Ground Combat, it produces 1 hit against your opponent's ground forces on this planet.
SUSTAIN DAMAGE",,Unit,Prophecy of Kings,Sardakk N’orr,
Hecatoncheires,4,When you would place a PDS on a planet,,"Cost=2 | Combat=6
DEPLOY: When you would place a PDS on a planet, you may place 1 mech and 1 infantry on that planet instead.
SUSTAIN DAMAGE",,Unit,Prophecy of Kings,Titans of Ul,
Shield Paling,4,,,"Cost=2 | Combat=6
Your infantry on this planet are not affected by your FRAGILE faction ability.
SUSTAIN DAMAGE",,Unit,Prophecy of Kings,Universities of Jol-Nar,
Reanimator,4,When your infantry on this planet are destroyed,,"Cost=2 | Combat=6
When your infantry on this planet are destroyed, place them on your faction sheet; those units are captured.
SUSTAIN DAMAGE",,Unit,Prophecy of Kings,Vuil’Raith Cabal,
Reclaimer,4,After you resolve a tactical action where you gained control of this planet,,"Cost=2 | Combat=6
After you resolve a tactical action where you gained control of this planet, you may place 1 PDS or 1 Space Dock from your reinforcements on this planet.
SUSTAIN DAMAGE",,Unit,Prophecy of Kings,Winnu,
Indomitus,4,,,"Cost=2 | Combat=6
You may use this unit's SPACE CANNON against ships that are in adjacent systems.
SUSTAIN DAMAGE
SPACE CANNON 8",,Unit,Prophecy of Kings,Xxcha Kingdom,
Moyin's ashes,4,When you use your INDOCTRINATION faction ability,,"Cost=2 | Combat=6
DEPLOY: When you use your INDOCTRINATION faction ability, you may spend 1 additional influence to replace your opponent's unit with 1 mech instead of 1 infantry.
SUSTAIN DAMAGE",,Unit,Prophecy of Kings,Yin Brotherhood,
Blackshade Infiltrator,4,After you use your STALL TACTICS faction ability,,"Cost=2 | Combat=6
DEPLOY: After you use your STALL TACTICS faction ability, you may place 1 mech on a planet you control.
SUSTAIN DAMAGE",,Unit,Prophecy of Kings,Yssaril Tribes,
Space Dock,3,,,"This unit's PRODUCTION value is equal to 2 more than the resource value of this planet.
Up to 3 fighters in this system do not count towards your ships' capacity.
PRODUCTION X",,Unit,Base,Any,
Floating Factory,3,,,"This unit is placed in the space area instead of on a planet.
This unit can move and retreat as if it were a ship.
If this unit is blockaded, it is destroyed.
PRODUCTION 5",,Unit,Base,Clan of Saar,
Dimensional Tear,3,,,"This system is a gravity rift; your ships do not roll for this gravity rift.
Place a dimensional tear token beneath this unit as a reminder.
Up to 6 fighters in this system do not count against your ships' capacity.
PRODUCTION 5",,Unit,Prophecy of Kings,Vuil’Raith Cabal,
PDS,6,,,"PLANETARY SHIELD
SPACE CANNON 6",,Unit,Base,Any,
Hel-Titan,6,,,"Combat=7
This unit is treated as both a structure and a ground force. It cannot be transported.
PLANETARY SHIELD
SPACE CANNON 6
SUSTAIN DAMAGE
PRODUCTION 1",,Unit,Prophecy of Kings,Titans of Ul,
